ssn,name,address,phone,insuranceid,pcp
455176690,Jeffrey Moore,"4287 Barnes Inlet Suite 912, New Tiffany, ID 52885",+1-258-340-7552x97112,29245,2
840811430,Charles Romero,"69692 Crystal Springs Suite 562, Kevinfort, NY 29062",001-774-739-8473x7886,51499,47
162642654,Billy Hall,"Unit 5027 Box 2201, DPO AP 26012",540-821-2689,71135,43
577338063,Nicole Caldwell,"PSC 6860, Box 4521, APO AP 22106",(263)289-9083x924,73315,22
905816311,Jon Johnson,"73202 Michelle Groves Suite 600, Kristinfurt, NC 25025",+1-897-892-9546x578,79388,18
509387986,Christian Crosby,"13069 Martin Skyway Suite 968, North Allisonchester, UT 63632",001-595-315-8591x653,90161,5
720296021,Mary Roberts,"USNV Martin, FPO AA 36921",868-624-8258,67344,42
598721272,Michael Walker,"232 Jonathan Parkways Suite 246, South Cheyenneville, VT 60344",(454)866-6669x985,37324,33
885617951,Matthew Smith,"Unit 1573 Box 7325, DPO AA 35519",001-620-696-1927,65950,9
104448828,Richard Cook,"00801 Larsen Prairie Suite 965, Nancymouth, FL 75059",+1-253-768-2936x5626,94041,2
920731849,Annette Taylor,"22503 Davila Courts, Kington, VA 73806",001-459-563-9854x08804,45098,29
817456907,Sherry Smith,"49089 Katherine Drive Suite 600, North Robertton, PA 54282",+1-984-987-4215,38176,21
364370782,Mike Curry,"455 Alex Circle Apt. 651, West Taratown, FM 22490",+1-783-442-8786x63407,43248,4
269588421,Dr. Marilyn Fischer,"8688 Heidi Terrace Apt. 405, Port Desiree, WV 95822",(403)903-6929x50553,82808,4
496021833,Veronica Young,"Unit 6966 Box 9287, DPO AA 08854",988-502-2080x86278,19961,23
958278686,Luis Dunlap,"0240 David Village, East Christopher, VT 13356",801-218-0233,67509,19
249920877,Frank Scott,"76040 Brittany Cove, West Valerie, KS 79185",672.253.8321,13912,41
112930677,Amanda Ruiz,"73252 Justin Heights Suite 733, South Nicholasland, MH 61867",(787)600-7588x000,49367,44
177447866,Scott Lawson,"994 Moore Walks Apt. 212, Deleonborough, WY 43204",(764)438-2644,40134,12
872388677,Jeffrey Brennan,"0620 Jackson Valleys Suite 820, East Donaldville, PR 84632",4588855967,36291,29
838882664,Jeremy Porter,"PSC 1673, Box 3242, APO AP 89581",968.823.1689x222,41499,18
848126306,Robert Franklin,"2924 Adkins Underpass, South Ashleymouth, UT 79997",(642)891-5836,62231,10
487450614,Reginald Johnston,"15681 Collins Field, Stevenchester, MP 70878",469-417-0917x0937,72730,48
452597352,Yvonne Martin,"4548 Lisa Mountain Apt. 163, South Desiree, NC 38275",234-546-0794,47652,12
889958424,Justin Pollard,"4318 Michael Cliffs Apt. 766, South Ashley, PA 95314",904-607-7723x9662,71617,26
821948495,Brian Anderson,"16884 Meadows Lock Suite 483, North Robert, CA 45340",(984)904-4604x3644,48919,44
744559769,Jean Williams,"632 Ramirez Glens Apt. 924, Port Peggy, IN 64340",338.627.2384,96354,12
115515493,Christina Weber,"411 Margaret Keys, Johnsonmouth, VI 65758",001-546-203-7119,70355,28
378288843,William Evans,"91097 King Meadow Apt. 052, North Makaylabury, NY 45058",(311)344-7623x3797,18906,43
897746731,Jack Wyatt,"7905 Ann Island, New Stacey, PW 44536",498.792.9301,69164,41
410592668,Michael Cowan,"9346 Lisa Stravenue Apt. 682, West Kerrimouth, UT 36530",(369)549-5592x479,97303,32
339201756,Heather Morris,"18987 Anderson Forge, Port Connie, NM 90105",918.290.4856x7300,18180,21
577806362,Brandon Roy,"0991 Holland Valleys Suite 640, New Davidfurt, MT 08914",670-836-8704,67645,39
341898243,Jessica Adams,"4226 John Route, North Scottmouth, NM 06807",788-779-8880x3402,94491,46
792785629,Kevin Shepherd,"027 Smith Haven, Joanneport, AS 94679",(430)306-2795x967,13302,12
772924145,Jason Stevens,"PSC 6445, Box 5586, APO AE 74801",974.531.2097,76881,42
352910393,Anthony Reeves,"USNV White, FPO AE 17635",575-314-4803x0327,30151,31
563183680,Jason Hicks,"68020 Donna Centers Suite 553, East Gerald, GA 88594",888.807.2508x7951,33525,22
170942579,Elizabeth Walker,"9363 Long Greens, West William, ND 36186",(400)586-2907x6483,78803,3
645331483,Nicole Kelly,"8138 Mary Causeway, Martineztown, OK 48433",750.466.4518x1325,79950,36
361538267,Lisa Crosby,"04632 Steven Fort Apt. 113, Katherinemouth, FM 73008",6245571476,15189,49
615552916,Kent Lang,"61883 Kristy Crossroad Suite 116, East Thomasburgh, VA 50403",(827)741-5544x40193,79417,21
121324826,Whitney Williams,"800 Clark Pass Apt. 881, New Frederickton, SD 27485",310.938.4550x834,50009,21
229634137,Danny Long,"67850 Paula Plaza Suite 219, Port Tiffany, SD 25410",+1-317-644-5319x01844,28961,4
497878051,Laura Hampton,"36091 Kenneth Circles, North Derrickhaven, ME 45586",570-275-9876,64399,40
966456482,Dana Martin,"720 Julie Extensions, North Melissaport, FL 03530",863.525.7542,58220,43
207972684,Samantha Torres,"202 Nicole Gardens, Hortonfort, PW 61137",784.325.9545,37768,47
586305821,Heather Thompson,"3603 Mckay Meadow Suite 323, Kimbury, MS 61260",663-940-1071x030,32098,1
270608585,Matthew Watkins,"7960 Mcguire Curve Apt. 035, Feliciabury, IL 43895",(517)953-0497x90728,38755,17
449867445,Larry Wilson,"5482 Jeremy Gateway, Nunezborough, PW 72273",642-515-1812x8949,64145,41
267944659,Stephanie Moore,"3467 Reilly Forge Suite 607, East Petermouth, GA 56332",001-200-445-5145x03262,31118,4
294643751,Ryan Wright,"32022 Moody Neck, Christineberg, GU 91325",+1-992-638-2848,12170,1
663011393,Ashley Martinez,"91989 Mary Fork Apt. 382, Dunlapburgh, ND 41137",(391)226-1688x54387,25499,38
257821519,Francisco Turner,"545 Kristina Courts, Smithview, DC 48514",767.631.8029x05782,85282,5
397010889,Brian Fox,"7981 Christopher Mountains Suite 689, North Christyfort, PW 80841",(687)333-4088x843,27277,25
269348614,Joshua Wright,"852 Martin Burg, North Curtisborough, OK 95874",745.720.5380,77826,26
130947741,Jennifer Hurst,"088 Anthony Villages Apt. 339, Davidfort, GU 22659",(743)784-9822x6687,78342,26
642058490,Christine Foley,"Unit 8850 Box 5404, DPO AA 20963",678.904.1429x50699,42856,24
401276548,Diane Kane,"84048 Erika Walks, East Markshire, AK 65692",+1-734-979-0469x39399,95030,3
987491713,Adam Hamilton,"USNV Barker, FPO AA 16552",001-503-398-9156x3272,30327,21
667226759,Margaret Jordan,"468 Harrell Spur, Kyletown, KY 74324",+1-388-985-6301x46262,64132,13
210007246,Jason Cohen,"5634 Perkins Shore Apt. 184, West Sharon, AK 07868",+1-223-385-3693x727,54411,23
848588786,Caitlin Kirk,"6066 Wilson Run Apt. 184, North Erin, AR 44605",+1-619-912-7022x006,70752,46
993719990,Shawn Nash,"74364 Hale Unions Apt. 492, Thompsonborough, PA 56055",(636)403-7258x647,17498,5
811125404,John Murphy,"2008 Hebert Springs, Jacksonbury, ND 09665",712.474.2010,73897,27
691814366,Danielle Baker,"1562 Phillips Cape, Hollyside, PR 66537",001-508-492-8184x04162,69547,28
111229988,Noah Calderon,"470 Angel Tunnel, Port Steventown, MH 49112",389.557.9897,67405,17
839755427,Jonathan Barnett,"3690 Beth Lane Apt. 039, Port Jaclynshire, CO 91396",001-937-703-4294x77556,52897,10
177736883,Ashley Graham PhD,"415 John Place, Toddhaven, ND 01335",502.806.0840x03755,44994,9
307447399,Dr. Michael Solis PhD,"7486 Sandra Squares Apt. 428, Hansenside, RI 41397",+1-614-753-9516x69766,88789,29
311713458,Tara Bryant,"7327 Sharon Roads Apt. 371, Rayside, ID 05391",875.730.1899x480,65254,6
979829651,Ashley Kane,"434 Linda Extension Apt. 176, East Timstad, IA 96685",(319)961-7580,57655,35
699663948,Michelle Parks,"58395 Christopher Run, East Melaniestad, CO 57191",001-614-843-7979,32408,28
200771813,Gregory White,"0788 Norman Prairie Apt. 278, Lake Anthonychester, DE 80884",001-589-947-6862x3579,20384,21
724355917,Melissa Silva,"6369 Mary View Suite 528, Tonyfurt, CT 45856",815.449.7168,80311,9
832892473,Brianna Cooper,"7805 Williamson Harbors, Harrisborough, KS 92340",001-617-283-2197x9252,35879,26
250446523,Kimberly Edwards,"96881 Guy Fords Suite 615, North Jasonfurt, MD 94446",(826)673-9552x0052,76249,46
573392228,James Sutton,"PSC 0608, Box 8613, APO AA 01739",+1-725-679-6097,65755,40
146168096,Eduardo Bell,"45859 Dominguez Mission Suite 823, New Jeffrey, MS 04307",279-946-8726,51904,41
365481452,Donald Matthews,"82593 Keith Highway Apt. 979, Chantown, NC 33473",471.716.0610x335,47221,16
634301943,David Lee,"19665 Curry Mountain, Lake Jonathanberg, AS 05353",(224)733-9973x611,74281,10
400918020,Katherine Morgan,"29094 Jacob Junctions Apt. 526, Maryville, WA 18981",(616)370-4563x0853,97577,39
357209000,Joseph Rowe,"7880 Daniel Stream, South Timothy, ME 81835",2124553726,85140,26
522026287,Gail Gilmore,"646 Johnson Spur Suite 582, West Jennifer, NV 72392",804.265.6812x84993,91488,39
537917594,Rebecca Cook,"76172 Stephanie Alley, Schmidthaven, NY 19520",398-563-6967,81885,16
297304580,Dennis Bowen,"1551 Kelly Mall, Sarashire, TN 25628",(829)912-4381x34155,36895,49
790766048,Jennifer Williams,"Unit 5164 Box 8471, DPO AA 93865",001-553-914-9265x6806,13454,41
429031824,William Parks,"804 Herring Road Suite 460, Josephside, DC 82371",001-481-959-8657,83389,7
986930564,Tonya Green,"60273 Rebecca Land Apt. 641, Smithfurt, IA 05406",001-379-453-6647,28102,41
661267554,Antonio Reed,"005 Victor Locks, South Katherinebury, PW 50752",292-585-6939,94841,3
779259922,Stacey Wright,"323 Rodriguez Camp, North Brandon, WI 45047",864-361-4008x8920,83844,17
984188802,Marie Brown,"4056 Vaughn Drive, West Jeffrey, MP 16161",(893)640-3284x275,48197,26
288426893,Zachary Schneider,"27782 Brian Radial Suite 163, Foxchester, MD 99867",001-687-705-7427x020,63251,21
827190713,Taylor Dillon DDS,"183 Spencer Hills, Lake Melissafort, HI 58060",301-467-2893,77192,5
718232159,Jamie Davis,"746 Caitlin Brook, West Jacqueline, TN 56054",934-296-6040x6870,56772,26
959656082,John Simmons,"346 Amy Springs Apt. 458, Mandystad, AK 26387",843-889-2097x5067,50721,2
291727707,Christopher Ray,"932 Smith Vista, Sheilashire, NY 70270",001-867-960-8359x0592,36556,21
700264561,Eileen Baldwin,"6432 Fields Stream, Lake Judy, CT 11716",001-922-229-6804x1068,47723,31
228339075,Joseph Young,"5926 Carl Lodge, Port Alecchester, PR 87127",(442)940-1028x24646,19184,14
677769644,Michael Lawrence,"6188 Ramos Village, West Rachelton, ND 63913",(903)779-0243,76470,11
